﻿<?xml version="1.0" encoding="UTF-8" standalone="yes"?>
<addon id="xg.repository" name="XG Repository" version="0.1.0" provider-name="givanildo83">
	<extension point="xbmc.addon.repository" name="XG Add-on Repository">
		<info compressed="false">https://raw.githubusercontent.com/givanildo83/xg.repository/master/xg.repository/addons.xml</info>
		<checksum>https://raw.githubusercontent.com/givanildo83/xg.repository/master/xg.repository/addons.xml.md5</checksum>
		<datadir zip="true">https://raw.githubusercontent.com/givanildo83/xg.repository/master/repo/</datadir>
	</extension>
	<extension point="xbmc.addon.metadata">
		<summary>XG Addon</summary>
		<description>Addon Description</description>
		<disclaimer></disclaimer>
		<platform>all</platform>
	</extension>
</addon>